PC1,PC2,Cluster,HC_Cluster,DBscan_Cluster
-0.336855328768148,-2.049384249834243,0,2,1
-0.3032546014028905,0.4055767340666218,1,0,0
1.8799707396567262,2.398454615272425,2,1,0
-1.083767165676134,1.708496022251928,1,3,0
-1.5953210126660755,-0.5038583737468555,0,0,0
-1.3411779545032796,1.6577642703087347,1,3,0
-1.875550330961735,1.2177949074383316,1,3,0
0.4489446795174224,1.2159569339498792,1,3,0
0.965636749997714,0.6890019515209319,2,1,1
0.02526218643489739,0.7652603546158957,1,2,1
1.7301406680095088,-0.5243265147840966,2,1,-1
-1.1165120337619665,1.2035011643152713,1,3,0
1.7987126553636572,-0.5806921277016805,2,1,1
0.4697312839855507,-1.107228583605655,0,0,0
-0.009606216210118281,1.444448441845467,1,2,1
0.37193477850976225,-1.210250642258182,0,2,1
-1.116167271706472,1.4583787262028833,1,3,0
-1.7367244614490571,-1.739817278983234,0,0,0
-1.4562219104117378,0.37395557220829573,1,0,0
-0.12485691390286068,3.6727069746486585,1,2,-1
-0.9156212412663987,0.9655770440141509,1,3,0
2.5277083678538963,-1.3372744960389864,2,1,1
-0.2896685890658556,0.3632120089895528,1,3,0
-0.7331568578661589,-1.226738357826655,0,0,0
-0.08397174000220536,-0.5083651202473957,0,0,0
-1.2737809530478648,0.06647381435650405,1,2,1
-2.022774375977325,-0.4486135407587985,1,0,0
0.9394923929359175,0.7105164896474433,2,3,0
1.4587218104372568,-2.2521607608622465,0,1,-1
-1.6788331316104386,-0.8162105818913789,0,0,0
-1.746087654036894,-1.995282063321802,0,0,0
2.0013679548606307,2.1050796474833247,2,1,1
-2.175612058674919,-0.14133123525219612,1,0,0
-0.004877887806933319,1.0964135691143941,1,3,0
-0.17886143343786448,-0.7198016244647036,0,0,0
2.2933994059290197,0.9250824411052555,2,1,1
4.6365985035266855,-2.0503653735631335,2,1,-1
-1.1084349312261623,-1.5084871710944763,0,0,0
-0.8609578326438287,-0.7070732105735815,0,0,0
0.4279981446979438,0.17268488171324475,1,2,1
-0.8172582981731713,0.30793792538502934,1,3,0
0.13967530685055146,-0.40520394105644236,0,0,0
0.13461078860513936,-0.23424317203458472,0,0,0
-0.15133792567211757,-0.706193193600388,0,0,0
-1.298052193355463,-0.6406580828037901,1,3,0
3.552581576782546,0.9040748625878124,2,1,1
1.5465106745546828,1.2472032310843864,2,1,1
1.5115883120970346,-0.7693546329818651,2,1,1
0.24039814377505034,-0.9409582726896438,0,2,1
-0.9563419779723388,0.01887373971554649,1,3,0
0.5638836766235281,-0.46234596873568196,0,1,1
-1.8024091804272366,0.5780699475407852,1,3,0
-1.1181280659006578,-0.1260833534770057,1,0,0
1.5099784158709881,-1.5825435277293172,0,0,0
-2.1380539673795633,1.0202414129285593,1,3,0
0.8761520193047115,0.6405312414392519,2,2,-1
-0.7204363437091809,-0.8809843978463197,0,2,1
-0.3955777470493868,-0.29310072162380824,0,0,0
-0.5789897722627009,0.30989018100700977,1,3,0
-1.9320030039967397,0.22988981310703221,1,3,0
2.4871179179715277,-1.8343065170472257,2,1,1
0.6707851813332913,0.9215892458475247,1,0,0
-0.7660155549365752,-2.7736545051226376,0,0,0
-1.9133525115499626,-0.7028610128349414,0,0,0
0.7411591054740937,1.9804600787981514,1,3,0
1.0175370744892454,-0.7677377367709721,0,0,0
0.7881816693936389,-0.6500963132584958,0,2,1
-0.9981555284054786,-0.6188764766310509,0,0,0
-0.7973037748733562,1.0897397519497631,1,3,0
2.139531267006235,0.1738966371995169,2,1,1
1.4846693937249866,-1.4451412615860135,0,1,1
1.872382462520115,-1.2246119792485972,2,2,-1
-0.30456886219682267,-0.1656359206052392,1,0,0
-0.9123584220894423,-3.5696827516265124,0,0,-1
3.8210225035272343,0.41758228904609923,2,1,1
-0.4847760839774281,1.0959938122596673,1,2,1
-0.4623293245976182,0.10186211687202272,1,2,1
-0.42712541741638965,-0.5079718668615154,0,0,0
-1.565322167366404,1.4077173799754858,1,2,1
-0.3203912648329063,-1.2636433831494402,0,0,0
0.08858982095169239,-0.4353480165603891,0,0,0
-0.8529191484431199,0.1965985834500286,1,2,1
1.2456581864253913,-3.1468859915764873,0,0,-1
0.2658484829132804,1.5427366845036814,1,3,0
-1.4444803233864594,0.5260647455656005,1,2,1
-0.7268395337215218,-0.8804893262583774,0,0,0
-2.17863325633871,0.029967029364730814,1,2,1
-1.4275042401713713,1.1791344810227167,1,3,0
0.28151324706293623,-0.8336941664455689,0,0,0
-1.6291216277312817,-0.3267828639802956,1,0,0
1.473277160915576,-1.4179267959565895,0,1,1
2.679697466480655,2.485612159025967,2,1,1
2.6640082777703107,1.570390866072142,2,1,1
-2.159688173685974,0.5206287427321844,1,3,0
-1.732655975458059,-0.1599000976246267,1,3,0
-1.1762094431297354,-2.086139250855972,0,0,0
-0.061843675978685314,0.27240287673484015,1,0,0
-1.7435381947613995,0.3109910975372852,1,3,0
-0.21531717170302253,1.7262519241633432,1,2,1
0.4872732669150677,-5.298262299197251,0,0,-1
-1.8027594632632333,1.2490393670094166,1,3,0
-1.2101934981930722,-1.0318486224145254,0,0,0
-0.5733827078381342,0.7994567962318005,1,3,0
-1.457529820742723,-0.18189545033571994,1,0,0
3.6040467807407803,0.5397164651351701,2,1,-1
-1.2090969805041671,-0.5698723672138396,0,0,0
-0.06924810761837889,-0.5634004757462726,0,0,0
-1.5866929299610657,-0.7238040415148813,0,0,0
-1.787247530182151,0.7346537896433366,1,2,1
-2.0123218320006315,0.5716636908271768,1,3,0
1.1447852890779977,0.5603224162995417,2,2,1
-0.008937743422695824,0.5722356379236352,1,2,-1
0.45988962054025767,0.30232210249407937,1,0,0
5.01571277195081,0.4110970053180441,2,1,-1
0.17636461372197948,-0.6309406317192727,0,0,0
0.6852133009309243,-0.030673611360178286,0,0,0
0.6134203673697387,1.409112031820848,1,3,0
-0.27404764316186897,-0.8972593464455039,0,0,0
0.10765381047454807,1.0796883992384123,1,2,1
-1.2642146814000363,0.24622430328545558,1,3,0
1.7239560181452755,0.8174837808011252,2,2,1
-0.5249425081941943,2.0081892074807857,1,3,0
-1.6932892520463734,-1.3169739661580226,0,0,0
-1.4423465925201047,0.1898741200456237,1,3,0
0.394600583274575,1.4456491350228058,1,3,0
1.1191136812277762,-0.558310081844558,0,2,1
1.182191329809916,-0.9810049066675853,0,2,1
0.2374417239003919,1.5731453957053878,1,2,1
0.28119482894179487,1.6426765181538356,1,3,0
0.01359443818422484,1.2133839005573952,1,2,1
-0.9766901765693242,0.33851135248826286,1,3,0
-0.3399943610792045,-1.1567998438693532,0,0,0
0.714798874174974,0.6035706137180499,1,3,0
-0.8000228606044896,-1.8231389124432342,0,0,0
-1.6856537657484774,-0.274517121432353,1,0,0
-1.43485984211069,-1.0034083507179297,0,0,0
-0.563341373979902,1.3395298131162927,1,3,0
-1.6060217244495052,0.3720181662470426,1,3,0
0.15042909421121592,-3.0413453249593765,0,0,0
1.79236337879418,2.1908915304772867,2,1,1
-2.3260987604880814,0.7820266824400951,1,3,0
-0.11949631802990214,-0.6284408019807872,0,0,1
-0.8517872610622017,-0.07783881769676405,1,2,1
-1.3450155201410925,1.29066954687942,1,3,0
-1.1010785526412052,0.29334224502176026,1,3,0
1.6351475137781821,0.47476451803912184,2,1,1
-2.2711392492269615,0.36188712583369015,1,0,0
-0.4890630744744219,-1.3715181258448634,0,0,0
-0.715800869848314,0.23560375682821968,1,3,0
-1.7946930718163787,-0.6175276119478537,1,0,0
-0.49612978880012487,0.20929168792713046,1,3,0
1.4905576849234752,-1.3540467420775595,0,0,0
0.7440563952930797,-0.550495591133826,0,0,1
-2.0123218320006315,0.5716636908271768,1,3,0
-0.5725077705217667,0.3470852391873391,1,3,0
-1.1911754106672785,-0.4209666485606685,1,0,0
-0.9558156398332569,-1.2631551445625688,0,2,1
0.11417851899507987,0.9950699607581367,1,3,0
1.6418221470718146,1.285139157381896,2,2,-1
-1.138154946116169,1.1862852731732414,1,2,1
-1.6708164687524216,0.8254542611718524,1,3,0
-0.9002061709032774,-0.3540125487108419,1,0,0
-1.9678779896253347,-0.045975190082499555,1,3,0
-2.29249664429039,0.05392464466349282,1,3,0
-1.4304131848209158,-1.9576580189980253,0,2,1
-0.9699392246663171,0.039581238740263376,1,2,-1
1.4242043416355021,-0.8621513724507891,2,2,1
4.403936524647929,-0.20513174195858985,2,1,1
2.737214115510138,1.2693101769949382,2,1,1
-1.8055348589046498,1.3862725937904328,1,2,1
-1.731345667840776,0.4901542532350574,1,3,0
0.5799010767786443,-0.5911755056628082,0,2,1
2.939070086077792,-0.4729707220781891,2,1,1
-0.4099387666713905,-1.4944390910873295,0,0,0
-0.11162155465040231,0.8022881031833602,1,0,0
-1.083767165676134,1.708496022251928,1,3,0
-0.27131572262455866,1.8276467650897759,1,3,0
0.04841874156834956,0.26082280949574904,1,2,1
-0.5324699761562997,0.10218383556467923,1,0,0
-0.8172582981731713,0.30793792538502934,1,3,0
-2.633222195850527,0.8897090858808573,1,3,0
-1.2824216231011514,-1.1189812654805955,0,0,0
-1.2735734877381357,0.2404853489906748,1,0,0
-0.266462977534451,-1.0610491372702617,0,0,0
-0.034512188088089965,-2.288546487796264,0,0,0
1.479408910394729,0.47121455858944866,2,1,1
-1.7008259569587043,1.8713969024745296,1,3,0
-1.657134543245641,0.8157831204396238,1,3,0
3.7769423724150024,-2.3255643261375694,2,1,1
-1.743242583079426,-2.0554542520125993,0,0,0
-1.6708164687524216,0.8254542611718524,1,3,0
-1.5777410959871165,0.5121734523119256,1,0,0
-2.0085751496318665,-0.08018451092520988,1,0,0
3.1989104576404412,2.08245991399194,2,1,-1
-1.100111339546578,1.0810794535109904,1,3,0
0.343431060140296,-0.7624447385115668,0,0,0
2.238226233248485,-0.3539698427312112,2,1,1
1.0611679096506736,1.5197608429262461,2,3,0
-2.1135387957652014,0.07262958729709519,1,0,0
-2.0749652384676636,0.2491252441308212,1,3,0
-0.8964530207523304,-0.3195573291058463,1,0,0
-1.6512865239893788,0.08215054762035041,1,2,1
-0.50943723327128,-2.234368399374399,0,0,0
-0.0961596290083921,0.30853443387834956,1,2,1
-0.2521297931709459,-0.3577532010612477,0,3,0
-1.9063425909168366,0.1845089349226734,1,3,0
0.28923498304393563,-1.9376760449623305,0,0,0
-0.6122141243039203,-0.26104113400243073,1,2,1
-0.45566526929388634,-2.016184288205998,0,0,0
-0.034512188088089965,-2.288546487796264,0,0,0
1.354356052236594,1.23035701381981,2,1,-1
3.5370051757668146,2.1118295702188763,2,2,-1
1.56531613838998,1.0618536829766894,2,1,1
-1.5187936474554171,0.5658250864726071,1,3,0
-0.4456951584918213,-0.001071035930314787,1,0,0
-1.347547958956734,0.5681529276846076,1,3,0
-0.7763528781988912,0.29643490951599255,1,3,0
1.0892419461862701,-0.8126193821562925,0,1,1
-0.23144460129816663,1.4243246351099843,1,3,0
-0.4841774168433978,1.5100344025375145,1,3,0
3.5107894791589747,1.3156845312184982,2,1,1
-0.33719012746002125,0.16744703839361913,1,0,0
1.8513797117232467,0.26886757324007765,2,0,0
-0.30293742056483025,1.6683417826063685,1,2,1
-1.4447771345728544,-0.5251417823791763,1,0,0
0.47021802604293295,-2.2957743427634485,0,2,1
-0.34593226802910126,2.139727711939516,1,2,1
1.5606428190189536,1.8772888734032214,2,2,-1
4.703144368310078,1.1376133214185562,2,1,-1
-0.19703599100014732,-0.05174666122473653,1,0,0
0.31612960207098395,-0.2923404284186531,0,0,0
-1.5310517554682812,-1.775710183028855,0,0,0
-1.4515197416360022,-0.9393905050948149,0,0,0
-1.7886256671212934,-0.536793006831746,0,0,0
-0.8732419574405661,-0.6753803732205717,0,0,0
2.302507453354999,2.2028229651972033,2,1,1
-0.5239121685239517,0.8110037274170189,1,3,0
2.932629577439385,1.0593978724542317,2,1,1
-0.7876343598523384,1.6527381180319543,1,3,0
0.993342241907102,-1.299885655732771,0,0,0
5.047448772278995,0.6250536042853483,2,1,-1
-0.5782256584027973,-0.610661788626243,0,0,0
1.2751152489087296,0.1270410021475734,2,2,1
-0.34621302182328184,-0.01967311488141412,1,0,0
0.781153899747365,-0.6735726926684822,0,0,1
-0.0006872917380740418,-1.518797208608897,0,2,1
-0.17233876655286848,0.7602109276323452,1,2,1
-0.872762874085165,-1.2134416760967346,0,0,0
-0.4592500754790423,1.6537320694434003,1,2,1
-0.5183270475442541,0.43356790607059714,1,0,0
-1.0475061710123037,-0.3707815405176332,0,0,0
-0.036753305551326665,0.44812002186994,1,2,1
0.4840918074918135,1.4493537366065914,1,3,0
-1.037319150533912,-0.5830853233937154,0,0,0
2.031675680374435,0.27092042620406637,2,2,1
1.6977571216828564,4.614009149880127,2,2,-1
0.37193477850976225,-1.210250642258182,0,2,1
-1.1562588589809504,-0.7318585014694559,0,0,0
-1.2184167164763902,-0.07417326105534956,1,3,0
-1.6915920348888025,0.5999392776130406,1,3,0
-0.9766901765693242,0.33851135248826286,1,3,0
-0.9560815281253511,-0.36164473297886507,1,0,0
-0.28155842811240156,-1.974436069375642,0,0,0
0.06406495753205514,0.5641903912602334,1,2,1
-1.1539233089394376,-0.2670762791346479,1,0,0
-1.1641309447830348,0.5143929135307543,1,0,0
0.3503244403122647,1.731304865986258,1,3,0
2.709393538266476,2.8195027582389622,2,1,1
0.6486566688325563,0.10746731432946417,0,2,1
-1.4654247863945002,-1.0953975699781682,0,0,0
-1.5606748833876551,1.1252418560011883,1,3,0
1.7790808324206333,-3.5778166147121095,0,1,-1
3.673000258108585,-0.9626073756352377,2,1,1
3.6040467807407803,0.5397164651351701,2,1,-1
-2.29249664429039,0.05392464466349282,1,3,0
-0.7671951420142514,1.2476840236176518,1,3,0
-1.369906006805245,-0.7562817706835563,0,0,0
-1.0948034361349346,0.37185054012855345,1,2,1
-1.5984079080273288,-0.6257045367977004,0,0,0
-0.991214251266448,0.8307601598261548,1,3,0
-1.3295525470064051,0.03980494944737362,1,0,0
4.37147667166749,-1.1727826337872778,2,1,-1
-2.350048342711625,0.36759420170028484,1,0,0
1.8968017823011678,2.9486627008027915,2,1,1
-1.4501067879390832,-0.7629246568363726,0,0,0
1.594078094941989,-0.4664748150837366,2,1,-1
2.9953809310524817,-2.493005942236236,2,1,1
-2.030968622722014,0.08642215119115894,1,3,0
-0.4274522077266288,0.005445502262946775,1,0,0
3.2719889394751394,1.3143584338812426,2,1,1
0.2525197394532126,-2.2113319077183533,0,0,1
-0.8517872610622017,-0.07783881769676405,1,2,1
-2.5124403160546906,0.8937415759449298,1,3,0
0.7102595799018815,0.33934207060878757,2,1,1
4.4969106965584285,1.5543506077774893,2,1,1
-0.8955115672243299,0.6561424892626323,1,3,0
-1.3598512095479498,-1.1950016548183315,0,0,0
-2.0026854496904205,0.5224636421210267,1,3,0
-0.49522735174406984,3.2768101836031134,1,2,1
0.28151324706293623,-0.8336941664455689,0,0,0
-1.2617323017078108,-2.599765392832457,0,0,0
-2.6749918788231497,0.8769015088504842,1,3,0
0.5851140933514914,0.6096220708817501,1,0,0
1.2887306492015618,-1.8163561356437163,0,2,1
1.3248860573175871,0.40910882571848933,2,0,0
-0.49523165849430223,-0.05346344955499465,1,0,0
-1.7691834347767759,-0.3478875624578361,1,0,0
0.8174257490550321,-0.6250784471224651,0,1,1
1.7392253074855022,-0.30461642415848506,2,2,-1
-0.0922198580053548,1.0086469271338034,1,3,0
-0.32784305295796645,0.8806117375787547,1,2,1
3.006524101878503,-1.1729810046307496,2,1,1
0.309836246180115,0.2329650964688463,1,0,0
-1.2761513116344332,-1.3645617276392317,0,0,0
1.0061520818889718,-0.4426099096373462,0,2,1
0.21521931054945612,-3.157521487767855,0,0,0
-0.912410041383952,-1.488083263415645,0,0,0
-1.5936795919053084,0.21508028070471608,1,2,1
-2.0020530034552846,-0.1460460683172575,1,0,0
-1.28363555892934,0.12378505141536396,1,0,0
-1.178447112588946,1.2309514172342377,1,3,0
0.2288963327779063,0.590643158431821,1,0,0
-0.6834435098374922,-0.05359341150232374,1,0,0
3.1592037551575234,-2.255970601101251,2,1,-1
-0.02847128220319319,1.88300583312357,1,3,0
-0.16169700634546916,-2.197735423774013,0,0,0
2.463884049096004,-0.5098996941689928,2,1,1
1.0543577574582832,-2.954614110874116,0,2,1
-1.045959811105128,0.2653270237191558,1,2,1
-1.12936703624307,1.0350247556826535,1,3,0
-1.8253544756210425,-0.5137377389021082,1,0,0
-0.940642189152677,1.0899607632221093,1,3,0
-0.8392096665429037,0.6017471708539279,1,3,0
1.5606428190189536,1.8772888734032214,2,2,-1
-0.8755307678089659,-0.517623184735572,0,0,0
-1.9572024962315255,0.27205932822200746,1,3,0
0.44092351082519793,-1.1947481130743234,0,0,0
-1.0052008585505527,0.8068490734779176,1,3,0
-0.954548582345929,-0.2579607568533893,1,0,0
-0.6910190680015008,-0.8287930943613382,0,0,0
0.8357054003921632,-1.1561708162637299,0,2,1
0.6707851813332913,0.9215892458475247,1,0,0
-0.14080083188188833,2.745943359433331,1,3,0
4.136792044741577,-0.54258157619136,2,1,1
0.14412505298643805,0.872497129428815,1,2,1
-0.9019276666212467,-1.0310118463674038,0,2,1
-1.0411917042790275,-0.41414210355362174,0,0,0
-0.9566200376661561,-0.3172326860397468,1,0,0
-0.9579507689315434,0.7378331646152962,1,0,0
-2.64026992334562,0.12497825968099084,1,3,0
-2.5595468359638023,0.6081225363703201,1,3,0
-0.47714931294598906,0.5880347153912533,1,3,0
-0.12185435481698402,1.621796450614498,1,3,0
2.6218039606838897,1.2621653367138854,2,1,1
1.5195749165621688,1.5830729751653954,2,1,0
0.6862946242085222,2.6082112460551485,1,2,1
-0.08762036620029699,1.7433123930581051,1,2,1
-0.48336627684318495,0.7059693791571909,1,3,0
-1.4881010519683762,-1.7090054527077578,0,0,0
0.08224028250217288,-0.5278627253424613,0,0,0
-0.03542300991574881,-0.5784920920702622,0,0,0
-0.37528131954847016,1.1570461275785255,1,3,0
-2.434200886011259,0.5838245012766382,1,3,0
0.021094080771417816,2.5647057037950183,1,3,0
3.952926746726723,0.5920556684011314,2,1,1
-1.4149998215256567,-0.7375273770225604,0,0,0
0.3541118984606128,-1.020931370421954,0,0,0
2.4652323742790565,1.1802638426267757,2,1,1
-0.41598743918935605,-1.34638240638139,0,0,0
0.9014654508298275,-0.47896088644409535,0,0,0
1.0419494866696926,-2.312183547924527,0,1,1
1.5739866995219476,-1.3462226888660327,2,1,-1
-1.720370471678831,0.8898218305139147,1,3,0
-0.17505112020291005,0.9472593309220739,1,3,0
-0.4700040191083783,1.4861240094585837,1,2,1
-0.03781565845374914,-1.0842036250555944,0,0,0
-0.5570371380275062,-0.6173989059139114,0,0,0
1.037582073313641,-0.8679851520012446,0,1,1
2.743474365854954,0.4907495954790753,2,1,1
1.0596107188264967,1.2240084495945454,2,2,1
-0.3956466593612202,-0.7792428974955256,0,2,1
-0.17027644594980454,1.6587738830636432,1,3,0
1.4340964079585623,-1.340436692008805,0,0,0
-0.08588995912095884,-0.4881593786461755,0,0,0
2.606286545877503,-0.03544185211489833,2,1,1
0.9180453555928179,0.756158340274433,2,1,0
-1.9291729341802069,0.11676529118742592,1,3,0
1.0627152593114038,0.276008032467231,2,1,0
-0.05975922647219879,2.3667545573127917,1,3,0
1.206682009215186,-1.7237063877660432,0,0,0
-0.7702747138889432,-2.728524329383374,0,2,1
-0.5405934533378107,0.410628226645193,1,3,0
-0.18606726010140553,-1.2251887322993227,0,0,0
-2.0591860253321306,-0.560133480040981,1,0,0
2.4496108839700828,-3.3280580730046943,0,1,1
-2.030968622722014,0.08642215119115894,1,3,0
0.7881816693936389,-0.6500963132584958,0,2,1
-1.1756773231442788,1.5648855438911327,1,3,0
-0.30293742056483025,1.6683417826063685,1,2,1
-1.5486025473995302,-1.1715041759934166,0,0,0
2.3969843214960536,-2.444445323089232,2,1,-1
0.4034824485234489,1.1244688387174055,1,3,0
0.24225366993278236,-0.9014204925370627,0,0,0
-1.3536794794438118,0.1876240588089631,1,3,0
1.069061069490498,1.214586549947808,2,1,1
0.9147524658805402,0.8262057641188977,2,2,1
-0.5887369197783177,0.8199516236586917,1,3,0
0.15488629672427237,-1.0794572522036354,0,2,1
-1.0227711911844461,1.5674100790539824,1,2,1
0.3600160725809755,1.0893998790487787,1,2,-1
-1.0598412255820948,2.4482565115618486,1,2,1
-0.9158655090472401,-1.9863360996916353,0,0,0
-1.0604272183469106,0.32971701338572973,1,0,0
1.2187122028129977,-1.2297250331140177,0,0,0
0.7856671691717552,-0.15069548758001625,0,0,0
0.04352677090752344,-0.3563197766377223,0,2,-1
-0.03261938045585307,-0.3356498675350747,0,0,0
-1.2863753524103745,0.011821943632756274,1,2,1
1.4146517534827836,0.31781333001071294,2,1,1
1.3095241262006445,-1.0547666393468063,0,0,0
-2.169927706851196,0.01819853505124442,1,0,0
-0.4755238325603375,-0.05986015632733734,1,2,-1
-1.4591719652811515,0.26613957559588575,1,3,0
-0.7204363437091809,-0.8809843978463197,0,2,1
-0.9051844526468091,-0.004728090640525614,1,2,1
-1.970074831870948,-0.18783908686749257,1,0,0
-0.17505112020291005,0.9472593309220739,1,3,0
0.21985648971499772,-1.592692531623789,0,0,0
-1.6385098741719601,0.014795763245523933,1,3,0
-1.6977412448073608,-0.38403503856776927,1,0,0
-1.3609764511585303,-1.9998714654250491,0,0,0
-1.4031981247555367,-1.286939229158098,0,0,0
-1.5376098796581918,-0.686504399152341,0,0,0
1.9707217634614351,-0.4013772665442609,2,1,1
0.11417851899507987,0.9950699607581367,1,3,0
2.5725884338886966,-2.1142576002059474,2,1,1
-2.319375754057588,0.2347872296083629,1,3,0
-0.661379936765152,0.7535980537681236,1,3,0
0.5778747705455636,-1.8560150217063447,0,0,0
-0.19703599100014732,-0.05174666122473653,1,0,0
-1.0291084684614957,-1.8522938596610168,0,0,0
-0.9198377862983239,2.007878047866063,1,3,0
-1.1484878373134815,0.826945803114378,1,2,1
-0.3138469128633674,1.144517654684022,1,2,1
1.2064111424417272,0.8840637480135681,2,1,1
2.259189053335123,-1.2414153049211174,2,1,1
0.750223814278865,-1.9429891719216095,0,2,1
-2.1321007135420476,-0.9529339394930451,1,0,0
-1.9837414698278844,-0.30639379173197484,1,0,0
-0.5640339239473656,-1.11350603320029,0,0,0
0.20706610409210519,1.2421369648283134,1,3,0
-1.1165120337619665,1.2035011643152713,1,3,0
0.32181444891645555,-0.10689240314216146,0,0,0
-0.8489987786481924,0.6035248532791267,1,2,1
0.6418338623907475,-0.17255263778033766,0,0,0
0.6422844530089625,-0.4305370430457684,0,0,1
1.7356732241015325,0.8256145955294131,2,1,1
-2.4381804646916754,1.2574700210856722,1,3,0
-2.8597652469107118,1.2191102191748584,1,3,0
-0.02210844293415928,0.2554876592750782,1,2,1
4.098273702432975,1.5765797036666138,2,1,1
0.7457000799408704,-2.261613654922107,0,1,1
0.6347551907792727,0.5087341568082407,1,0,0
-2.611625966886315,0.4047638821215301,1,3,0
-1.5777410959871165,0.5121734523119256,1,0,0
-0.7279356554609172,1.2503096536094724,1,3,0
-1.7155796428403698,-0.6465097957444411,0,0,0
0.4259037137820661,-0.04780676902742536,1,0,0
4.791129410260169,0.5134811573317327,2,1,1
1.0039015708605576,-0.09878589108408546,2,2,-1
-2.1506139813983873,-0.10076556799558674,1,0,0
-1.5202162013122806,-0.3614312093737223,1,3,0
0.5107763863067292,-2.198181165463991,0,0,0
2.1721225767077383,1.2310870582432378,2,1,1
-0.49991799361700545,-1.383211973822175,0,0,0
3.621469960537331,-1.1153152177451018,2,1,-1
2.065668163610508,-0.2783708692776468,2,1,1
3.006524101878503,-1.1729810046307496,2,1,1
3.303922371217229,-1.0392853698109947,2,1,-1
4.318210353527798,-0.8994458000582587,2,1,-1
-1.787247530182151,0.7346537896433366,1,2,1
-1.4716128219160178,1.3949290777520449,1,3,0
-0.2833148950913343,-1.653673146261346,0,2,1
1.594424206532772,0.5293425886886898,2,1,0
1.8811242378792212,0.028814207595701087,2,1,1
2.1494856056898253,1.534546664571874,2,1,1
1.003288942540464,0.42088756226354035,2,2,-1
-0.05340695792006876,2.7716552486513226,1,2,-1
-2.140103225022478,0.38143243391597365,1,3,0
-0.16244969009730204,1.0587616987708914,1,2,1
1.553909024019855,-0.9653330806031516,2,1,1
-0.7652844727929614,0.5817615953247776,1,2,1
0.6060813598426545,-0.09294014308468586,0,0,0
3.149882373291369,2.0164050163940264,2,1,0
-0.8939256657416433,-0.8042592297835127,0,0,0
0.9816287868167118,-0.6165471947793013,0,0,0
-0.9026206378214393,1.1283214188346982,1,3,0
-0.9508507297356498,-0.7135421250454189,0,0,0
2.8899449678642024,-2.4084840692223244,2,1,1
-1.657134543245641,0.8157831204396238,1,3,0
3.054597887154165,-0.9667968680663747,2,1,1
-1.7983933589834347,0.3379539125389805,1,3,0
0.9047577386789954,-2.0191278665692023,0,0,0
-1.1501552281619931,-1.8665857464294302,0,2,1
-2.4548157523855734,0.5042353254329575,1,3,0
-1.6821698838480263,-0.720334704072544,0,0,0
-0.7204363437091809,-0.8809843978463197,0,2,1
-0.5414340396102271,0.1888147529463094,1,0,0
0.5099110312129091,-0.6263277284356222,0,1,-1
0.15297613916586036,0.797967253917688,1,2,1
3.747648357044617,0.038722632462833924,2,1,1
0.12952382339623203,0.9289781208413836,1,2,1
-1.6857881211353898,-0.6355439456139035,0,0,0
-0.9339188903944492,-0.2655342802529094,1,0,0
-1.007286717816712,-0.3997109556770439,1,0,0
0.7988587596542146,-1.6134976544107649,0,2,-1
-2.2576222130699617,-0.2528575037107949,1,0,0
-1.8027594632632333,1.2490393670094166,1,3,0
0.6921985608678937,-0.8459761872279773,0,0,0
-1.6194690851854494,-0.5445902210094432,1,0,0
0.5587756545560448,-2.3434014402764314,0,0,0
4.361376088449467,-2.7762113714396004,2,1,-1
-1.2698392080165408,1.1849732081733808,1,3,0
-0.7474054049874234,1.1237491810279425,1,2,1
-1.1298770707870194,0.9148465263309681,1,3,0
-0.2614845778559222,1.298777352292365,1,0,0
-0.6464536617389954,-0.7394050300884027,0,0,0
0.714798874174974,0.6035706137180499,1,3,0
-0.5572906379063904,-0.8969023916975171,0,2,1
-0.787740007114025,1.6797200111528912,1,3,0
-0.35292783690353186,1.296516765243249,1,3,0
2.916746140064106,0.07942127513634085,2,1,1
0.4458870633756365,1.1699217653140517,1,2,-1
1.2938063950884469,1.0727233569354921,2,1,1
-0.6115738621518817,-1.6936196064565876,0,0,0
-0.7416577291022578,0.5944444590673901,1,0,0
-2.4337733880088885,1.1527309186673262,1,3,0
0.7102595799018815,0.33934207060878757,2,1,1
-1.1382666687316843,-0.9848800739540884,0,0,0
-2.4851392629524325,0.8895593561548678,1,2,1
5.45591210240136,-0.8648019388659433,2,1,-1
0.5281086076911957,1.502827436999876,1,2,1
1.5949918703508803,0.14395434329068954,2,1,1
-1.3614244877389798,2.1886135172114405,1,2,1
-1.0691434505949857,-0.16920411569515742,1,0,0
3.2719889394751394,1.3143584338812426,2,1,1
5.111325390595974,0.2630275544280159,2,1,-1
1.3755590488226888,-1.2314912859066363,0,0,0
-0.9560815281253511,-0.36164473297886507,1,0,0
-0.8723885083194792,1.0424909299685903,1,2,1
4.139797972219967,0.9923171389462249,2,1,-1
3.5189011547607665,-0.5386726349243671,2,1,1
0.01940255345437798,-2.28105711585126,0,0,0
-1.1798514503054771,-1.2420609096881414,0,0,0
-1.239660199605924,1.4349438086896338,1,3,0
-0.5918747421278325,-0.9166559467347318,0,0,0
-1.6385098741719601,0.014795763245523933,1,3,0
-0.9853914504818057,-0.033705743600169806,1,0,0
1.0704147796917225,-0.3621338240744551,2,0,1
-0.9710614931501425,-0.4759023044511553,0,0,0
-0.2382152777159902,-1.2900286873922828,0,2,1
-0.8493564156923903,-0.573812426678941,0,0,0
-1.5776150993765186,-0.9299732357186986,0,0,0
0.09001791571010098,0.15867195973170053,1,2,1
2.8182942559149993,1.0187264984409623,2,1,1
1.5223820276742377,1.4188144480380285,2,1,0
1.8865069292125956,1.3775315799513415,2,2,-1
-1.444719403579641,-0.8141636661097825,0,0,0
-0.3138469128633674,1.144517654684022,1,2,1
-0.2709489771451373,-0.24138599107866757,0,3,0
-0.3368660922328508,0.05926526079552497,1,0,0
-1.9740087115153042,-0.7408263367776234,0,0,0
-0.3176832074445048,-1.2024388496193446,0,0,0
-1.0948034361349346,0.37185054012855345,1,2,1
0.1454248285855942,0.33733957677616017,1,0,0
-1.9291729341802069,0.11676529118742592,1,3,0
-1.6492829602782884,-0.296390443990276,1,3,0
-0.0007807277179146491,-0.49718809401000935,0,0,0
-1.4591719652811515,0.26613957559588575,1,3,0
-1.0868554757599107,-0.6172684607638803,0,0,0
-0.5333577606476133,-0.33191843105875546,0,0,0
-1.1732748231947738,0.6168397112691634,1,2,1
-2.2914614788687753,0.3997709793565902,1,2,1
1.5195749165621688,1.5830729751653954,2,1,0
0.5335279117486537,0.01722995795377231,0,2,1
-1.366087426536721,-1.6041265309683344,0,0,0
-0.5383848284836639,2.1141600196759747,1,3,0
3.995729009404904,0.2504614948206734,2,1,-1
-0.09551442451028828,-0.26490729949226316,0,0,0
2.6511764062766865,1.516118029598525,2,1,0
0.20001413346023117,0.05310548321673004,1,0,0
-0.41598743918935605,-1.34638240638139,0,0,0
-0.7878592797802015,1.4285106043450977,1,3,0
-1.4865478195355855,0.4523736259265099,1,3,0
-0.911804002848323,-3.508510371391499,0,0,0
-0.32152957860033965,-0.2413044404379706,1,2,1
2.2262408179068625,2.2740289042093123,2,1,1
-0.7214024533646,-1.3928813797890816,0,0,0
1.8198830230501408,0.04209241821932378,2,1,0
1.6466291523826329,-2.076976107628463,0,1,1
3.9322246356057406,0.2135356894125065,2,1,-1
-1.8841974495015998,0.8685512227294575,1,3,0
-1.5857520802206624,0.4953668009212003,1,3,0
0.25470047504726184,0.32863132300193504,1,0,0
-0.6055501207114877,0.4105445121156664,1,3,0
-1.0868554757599107,-0.6172684607638803,0,0,0
1.6418221470718146,1.285139157381896,2,2,-1
-0.433243586727461,2.0063354731161924,1,2,1
0.31612960207098395,-0.2923404284186531,0,0,0
0.5651288277539276,1.109485929845425,1,3,0
-0.36591850111234847,1.3955264461193169,1,3,0
0.6738123145115475,0.009501115943107189,0,2,1
-0.5324699761562997,0.10218383556467923,1,0,0
0.9201384631833948,0.4227490797155263,2,2,-1
-0.3147266161577445,-0.9004983516501218,0,2,1
1.6418221470718146,1.285139157381896,2,2,-1
-0.07401542782437444,2.144947692361431,1,3,0
-2.262072970354793,1.626702696158375,1,2,1
0.283480749329263,1.359502591480926,1,0,0
-0.652826332864479,-3.0366173232314253,0,0,0
0.394600583274575,1.4456491350228058,1,3,0
-0.5379832722351846,0.6294928712349581,1,3,0
1.6256886559292756,1.7446236989522133,2,3,0
-1.558444595396584,-1.2743833076935756,0,0,0
2.3426308329503645,-4.059191287960726,0,1,-1
-0.9755454954454521,-0.7582689730141567,0,0,0
-1.916453009578488,-0.14948314405716553,1,0,0
1.2840530907217729,-0.15662543587564898,2,1,1
1.5195749165621688,1.5830729751653954,2,1,0
-2.596718989486265,0.9967130517644701,1,3,0
0.3514449198360164,1.321173238909322,1,3,0
-0.03261938045585307,-0.3356498675350747,0,0,0
-1.3896048869302426,0.4686502322892358,1,3,0
1.7741536540513991,0.796972768250063,2,1,1
1.354356052236594,1.23035701381981,2,1,-1
-1.5675481762057526,-1.3385934015492829,0,0,0
1.0749150966691543,-1.5013210886166992,0,2,1
-0.7204363437091809,-0.8809843978463197,0,2,1
2.926482994618294,0.18379427413794863,2,1,1
2.1721225767077383,1.2310870582432378,2,1,1
-2.0683147580593464,2.3759847048151945,1,3,0
1.5833125058700022,-2.1490757119242945,0,0,0
0.2288963327779063,0.590643158431821,1,0,0
-0.031338553740038785,-2.1656356786834325,0,0,1
-0.3358182826495973,-2.3734715144626453,0,0,0
-0.5857499256951239,-0.08640835022111477,1,0,0
-0.49002348985617245,-0.4748557065839433,0,0,0
-1.4139093681166441,1.9549051344342387,1,3,0
-1.4444803233864594,0.5260647455656005,1,2,1
-2.2742816891351603,0.26578621852429835,1,3,0
5.45591210240136,-0.8648019388659433,2,1,-1
1.943393423761257,-0.06471799353550418,2,1,0
-0.28382394606763567,1.0993225787739171,1,0,0
4.850864432421003,0.9388002897004367,2,1,1
-0.24956462719958358,2.2394950047736613,1,2,1
0.24647527323737048,0.7946627718476235,1,3,0
2.3329385376659593,-1.4526494045728013,2,1,1
-2.4600170206453282,0.6558441067192732,1,3,0
-0.14138157072930427,-1.0911910175600945,0,0,0
-1.4360218902687139,-0.06960678674541217,1,3,0
-0.8201042358953569,-1.3406927188821842,0,0,0
-1.298052193355463,-0.6406580828037901,1,3,0
-1.193983939514708,-2.630220150432944,0,0,0
2.945656854351792,-2.212240151125566,2,1,1
0.09095812283023492,-0.527589610796377,0,2,1
0.563135492491359,1.6194156877241004,1,1,1
-0.9007314649353315,-1.4012615061104272,0,0,0
-0.3182075845205981,0.35869705146252734,1,3,0
3.402832128221677,2.99056628126693,2,1,-1
0.6399427601901885,-0.03298371799094626,0,2,1
-0.11949631802990214,-0.6284408019807872,0,0,1
-0.14490861734001212,0.44357824976267773,1,3,0
0.988098360651849,-2.8441297621830524,0,1,1
0.04432319509634251,-0.0862247671001745,1,0,-1
-1.9281261890573438,0.9450177850299122,1,3,0
-0.48502166344077957,0.5915553762911149,1,3,0
1.7371563217804153,0.0417145150117127,2,2,1
0.03405687489414562,-0.9747867666938355,0,0,0
-1.942940211567927,-1.7239794224335365,0,0,0
-0.49982407372571064,-1.6024820297691482,0,0,0
-2.6465905712566924,1.1028263841268733,1,3,0
-2.092119660484892,0.3425334985866123,1,3,0
-1.1519625744249913,1.808726951316586,1,3,0
-1.430656339442721,-0.6927374040886175,0,0,0
-0.7881225743504416,-1.1482882242568329,0,0,0
0.6060813598426545,-0.09294014308468586,0,0,0
-0.19824949177129658,1.7185166369419995,1,3,0
0.16405427351656499,2.2954787245501667,1,2,1
2.056819915015799,1.4295315124695398,2,1,1
0.2308008151308335,-1.1916863737516916,0,0,0
-0.6318501032186722,1.5690502344057495,1,3,0
-1.1804607997093048,0.6753293477405489,1,3,0
3.639471407736938,1.475920959739605,2,1,1
-2.5821635854029976,0.8033004290847147,1,3,0
-0.34079592197530334,0.8844080442266699,1,2,1
-0.9397168184959898,-0.3676795007608363,1,2,1
0.27200589824322713,-0.8919793315306083,0,0,0
-1.0948034361349346,0.37185054012855345,1,2,1
-0.3962265336342823,-0.8559598495674109,0,2,1
-0.9433545522689551,-0.25007775872372245,1,0,0
3.446199803667417,0.26870911192564156,2,1,1
2.1807383091215926,0.1804785661827618,2,1,1
-1.5231279809247746,-1.0270568346503877,0,0,0
-1.2784460862613363,0.11048395058590951,1,3,0
-0.715800869848314,0.23560375682821968,1,3,0
-0.22805641874170135,-0.9920294141302469,0,0,1
0.869802449140714,-0.4169899012320843,0,2,1
2.0545719654040266,2.847440923163445,2,2,-1
0.25840787386775294,-2.3914288781536803,0,0,0
-1.285597240523069,1.127543880954111,1,3,0
-0.29252837925349756,0.8072486609565247,1,2,1
-1.2017917213759135,-0.9873268282448072,0,0,0
-0.42712541741638965,-0.5079718668615154,0,0,0
-0.07093162078262251,2.025042408112082,1,3,0
4.403936524647929,-0.20513174195858985,2,1,1
-0.8187971769145271,-1.2935741065543542,0,0,0
2.0013679548606307,2.1050796474833247,2,1,1
0.617558368203339,0.9449935540093509,1,2,1
-0.9550004999725688,0.4770288793511189,1,3,0
2.1185328212878534,-0.3718722266144879,2,1,1
0.7982420814432182,0.292131193478576,1,0,0
0.8357054003921632,-1.1561708162637299,0,2,1
0.5587756545560448,-2.3434014402764314,0,0,0
0.6738123145115475,0.009501115943107189,0,2,1
-0.8564180863048917,-0.7618317711382384,0,2,1
0.36439451922862776,0.40281734317360235,1,3,0
3.9644249824561686,-1.26713759254249,2,1,1
-0.3575005641602186,-1.3486624232405868,0,2,1
-0.06924810761837889,-0.5634004757462726,0,0,0
-0.9566200376661561,-0.3172326860397468,1,0,0
-1.8899221185967219,1.164080836768518,1,3,0
-1.9220867988351182,-0.6947055689748637,0,0,0
-0.032693364523292905,-0.15223080095799388,0,0,0
1.5949918703508803,0.14395434329068954,2,1,1
-1.3714631974691587,0.4382659009184357,1,2,1
1.1447532025692064,3.1399423128843296,2,2,-1
0.2813936185265568,2.8045682730645902,1,3,0
3.8106384103885818,0.9953449906003821,2,1,1
3.7729679308574946,1.4163311825458036,2,1,1
3.303922371217229,-1.0392853698109947,2,1,-1
0.7973399038658563,-0.32469936871166766,0,1,1
1.7470785235269808,2.6378736094044637,2,1,0
-0.6438147032480036,-0.25568720087536284,1,0,0
-0.7850123952287907,1.0730772951311762,1,3,0
-1.717163820101626,0.8892962611873676,1,3,0
-2.3487958008149623,0.49895038842825185,1,3,0
1.8782642752132066,-1.775895723474096,0,0,0
0.0445924758810577,0.7562601260360748,1,0,0
-2.624462377872345,0.19379648638783684,1,0,0
0.42271403200423524,-0.6264743372405666,0,2,1
-1.3648190832356326,-0.4132567940744169,1,0,0
-0.6045559626615978,-0.2234497160765641,1,0,0
-0.05016754633593823,-0.6574072946318684,0,0,0
0.25394930878173044,-3.6114952213296245,0,0,0
-1.691732356439838,0.6298439873821028,1,3,0
-1.2169461924966958,-0.10748293325724352,1,2,1
2.60452487730219,0.6609966824884403,2,1,0
-0.5449512867537258,-1.22496537442311,0,0,1
-0.17347315820324452,-2.14885025921222,0,2,1
-0.6400120666867612,1.199783235726002,1,3,0
-0.8529191484431199,0.1965985834500286,1,2,1
0.08858982095169239,-0.4353480165603891,0,0,0
-1.5819240665205567,0.5521953848001099,1,3,0
-0.15375218180705563,0.25020281024594787,1,0,0
-0.058533732834755096,1.2144030897480451,1,3,0
-0.6721521977074769,-1.2364304964442676,0,0,0
-1.0094454534645123,0.24358414732208394,1,2,1
-0.7416577291022578,0.5944444590673901,1,0,0
-0.027148796415435914,0.42863670028052053,1,3,0
1.069061069490498,1.214586549947808,2,1,1
-1.6656114679850753,-0.6282336387426056,0,0,0
-0.03018454717371376,-1.5617444683475572,0,0,0
-1.5828792969471732,-0.5572967596865273,1,0,0
1.5779349842907,-1.497812808950806,0,0,0
-0.6246467486850277,1.0319909304067223,1,3,0
0.03189821266838614,0.9002271923241133,1,2,1
-1.1319285792784861,-0.27326835883549433,1,0,0
-1.42911610777844,-2.1545473826052515,0,0,0
-0.525313674530177,-1.2838990149621772,0,0,0
-0.9073195543498818,-0.584286590208558,0,0,0
-1.407079793150419,0.18459835676241348,1,3,0
1.9735730904593314,0.9573489216169501,2,2,-1
0.22943754934260824,0.8771350735274379,1,3,0
1.8198830230501408,0.04209241821932378,2,1,0
3.604781587831773,-1.518493544118952,2,1,1
-1.3766638920452061,-0.5324643355220867,1,0,0
2.945656854351792,-2.212240151125566,2,1,1
0.519392954274838,-1.6309877452800847,0,0,0
2.056853022723324,1.0342320196847765,2,1,1
2.02450573763722,0.20326599787816826,2,1,0
-0.8054158345264688,-1.2449442771343828,0,0,0
4.37147667166749,-1.1727826337872778,2,1,-1
0.9882896457280068,0.4366511286437163,2,0,0
-0.5330794673898653,1.0175644188534028,1,2,1
-2.1267655782988344,0.6065979368062947,1,3,0
1.9413050522274289,3.089101735826204,2,1,0
-0.07093162078262251,2.025042408112082,1,3,0
2.736694339406869,-1.7799223600099368,2,1,1
-1.7367244614490571,-1.739817278983234,0,0,0
0.891195404795278,2.223241216794153,1,3,0
2.7357719928395787,0.884178690756093,2,1,1
-1.6754865951395863,0.20004423846680902,1,0,0
-1.367769627508076,-0.5542928711110511,1,0,0
-1.9461542709122592,-0.7287106295539528,0,0,0
0.8392185573954122,1.963913018615117,2,2,-1
-1.3571487331394578,-2.638843489766637,0,0,0
0.7856671691717552,-0.15069548758001625,0,0,0
-0.6796420527349148,0.8019817081323076,1,3,0
1.9230340115528217,2.254795673793239,2,1,0
-1.558444595396584,-1.2743833076935756,0,0,0
-0.6662357582022298,1.568325654962203,1,2,1
-0.7759229013245972,0.4625921954962975,1,0,0
-1.240179677064593,-1.1612161526448403,0,0,0
-1.8646008361940951,-0.4011671921994739,1,0,0
0.16783215707962346,0.20626393313793154,1,0,0
0.046017410138773945,-0.09145320347915206,0,0,0
0.034043906451160635,-0.4414562370483675,0,0,0
-1.6932892520463734,-1.3169739661580226,0,0,0
-0.7724026787544243,-1.7865831733866058,0,0,0
-0.46717619073813366,2.62126206170557,1,2,1
-0.7478375915437564,1.674707674675944,1,3,0
-0.14221067700912587,0.4976672436853596,1,3,0
-0.8533005739207709,0.2815669290947908,1,3,0
-0.03399250081360196,-0.7943243071940093,0,0,0
3.912067161065938,1.0318764297636742,2,1,1
3.3636293848718912,-1.216291252779845,2,1,1
-0.4842958550953577,-2.210914887107593,0,0,0
0.4156746507110077,0.3639409162041343,1,0,0
0.24230213331017963,-2.7347317299151372,0,0,0
0.5037083096698136,1.4560492531303406,1,3,0
1.7239560181452755,0.8174837808011252,2,2,1
0.4385002423064669,-0.11261773250014726,0,0,0
-0.06789143967250656,-1.1862996979012026,0,0,0
1.5458274250485502,-1.8357974878075691,0,2,1
1.046796868613325,0.4083599035583954,2,0,0
-1.013588645792826,-0.10948904699538316,1,0,0
-1.3714631974691587,0.4382659009184357,1,2,1
-1.370572638835281,-0.17160046667404558,1,2,1
0.7486307450748303,-0.3337879447293201,0,2,1
1.1206117261439217,0.1754639285738122,2,2,1
4.256120213223611,0.07169307521317127,2,1,1
1.5598461700433077,1.7175805589542155,2,1,0
0.3485950364822526,-1.366835920189206,0,0,1
-1.4215291721944574,-2.0816278902597585,0,0,0
-2.0851389259736113,-0.013005556653593422,1,3,0
0.01885839145266983,-2.5070707448229057,0,0,0
-0.22466001918618703,-2.0121852485788665,0,0,0
-2.0271795010518985,1.6514229546769714,1,3,0
-0.20955578413227383,0.48220631133334907,1,0,0
-1.178447112588946,1.2309514172342377,1,3,0
2.736694339406869,-1.7799223600099368,2,1,1
-0.6105033601130421,-2.3388799891068146,0,0,0
1.4738610502903706,-0.15967744512496923,2,2,-1
-0.8509867418208243,0.7753566747328621,1,3,0
-1.830667799819442,-0.3927770929758105,1,2,1
1.275803748560024,0.8843380182743144,2,1,0
-2.1929995134313036,0.0530416274157512,1,3,0
1.402671385353115,1.2425465573003458,2,1,0
0.7441061351544218,-2.258747154698863,0,0,0
-1.9920223119299014,-0.32241186906983593,1,0,0
-1.1181280659006578,-0.1260833534770057,1,0,0
-1.5936795919053084,0.21508028070471608,1,2,1
4.99748315708632,-2.864038547709987,2,1,-1
1.688590219079376,2.284431899128243,2,2,-1
-1.8974454967495786,0.5761836683235552,1,3,0
-0.45174544721999504,-0.34461999705433705,0,3,0
1.5240682286043585,-0.6935630808167348,2,1,1
0.3251743540683133,-0.34141919908901924,0,0,0
-1.5738458625901894,1.1209019576635204,1,3,0
1.2140462251945918,-0.6772203073582275,0,2,1
1.261217194436283,-1.9219085468320782,0,0,1
0.17212656638879092,-0.8673121164285064,0,0,0
0.11174457404411244,1.901110775186571,1,2,1
-1.4360218902687139,-0.06960678674541217,1,3,0
0.002899682588549082,0.24406056374786864,1,0,0
2.9343840623362367,0.20937946772967922,2,1,1
-0.9469880378637157,-1.802689190809214,0,0,0
-2.167456333343568,1.043002159690678,1,3,0
0.47228570276281007,0.9525793089420772,1,2,1
-0.4887949317905244,-1.4235870711181378,0,0,0
-0.3836024746951519,1.378017413160336,1,3,0
0.10020972521219638,0.09681150888729946,1,2,1
-0.019555570141561302,-2.7089409976895995,0,0,0
-0.31323906459999984,-1.4315335705109533,0,0,1
-0.5620670901270823,-0.34266404103268416,0,2,1
-1.5657527173121917,-1.9332878222112553,0,0,0
-0.7772413723989645,1.079185010039792,1,0,0
1.6879425579528253,0.6834641131903398,2,1,0
0.025839767286881404,1.0286756677177349,1,3,0
-0.13901715295556133,2.3914574510174758,1,2,-1
-0.7416577291022578,0.5944444590673901,1,0,0
3.382469121899888,1.3189344500560582,2,1,1
0.417135556130456,-0.3424863728169831,0,2,1
-1.3659135011755252,-0.38852349176964773,1,0,0
-0.1538934819984943,-1.9366666776348325,0,2,1
-0.15009760473956704,-0.7943524460820027,0,0,0
-1.3314674585426105,-1.554222458386285,0,0,0
-0.9026206378214393,1.1283214188346982,1,3,0
-2.4600170206453282,0.6558441067192732,1,3,0
-0.4204837334320665,2.2080840020008656,1,2,-1
0.4361328525065771,-1.405982314977658,0,0,0
-0.8572203843358503,0.758428149691747,1,2,1
-0.6733896554393557,2.96941957764424,1,2,1
-1.8622921533365653,-1.2846818838088545,0,0,0
-1.6856537657484774,-0.274517121432353,1,0,0
3.277993605575865,-0.15298789394395543,2,1,1
